NM_BAIRRO;AREA;QT_LOCAIS;LOCAIS;QT_SECOES;QT_APTOS;QT_COMPARECIMENTO;QT_ABSTENCOES;PCT_ABSTENCAO;PCT_DO_TOTAL_ABSTENCOES
CENTRO;URBANA;7;ESCOLA MUNICIPAL FERNANDO LEDO SANTOS PEREIRA | COLÉGIO ESTADUAL JOÃO VILAS BOAS | GRUPO ESCOLAR RÔMULO GALVÃO | ASSOCIAÇÃO DOS AMIGOS DE LIVRAMENTO | PREFEITURA MUNICIPAL DE LIVRAMENTO | ESCOLA MUNICIPAL LÉLIS PIEDADE | ANEXO DO CENTRO DE EDUCAÇÃO INFANTIL MARIA REGINA DE LIMA ASSUNÇÃO;30;9532;7965;1567;16.44;29.45
DISTRITO IGUATEMI;RURAL;2;ESCOLA MUNICIPAL DAVI MENDES PEREIRA - TEMPO INTEGRAL | ESCOLA MUNICIPAL AUGUSTO SILVÉRIO ALCÂNTARA;15;4045;3485;560;13.84;10.53
BENITO GAMA;URBANA;1;CENTRO EDUCACIONAL HUMBERTO LEAL;7;2461;2002;459;18.65;8.63
BARRIGUDA;URBANA;1;ESCOLA MUNICIPAL JOAQUIM GONÇALVES DE ASSUNÇÃO;5;1954;1573;381;19.50;7.16
JUREMA;URBANA;1;ESCOLA MUNICIPAL FLORISVALDO RIBEIRO DA SILVA;5;1769;1469;300;16.96;5.64
POVOADO BARRINHA;RURAL;1;ESCOLA MUNICIPAL DA BARRINHA;4;1498;1234;264;17.62;4.96
DISTRITO DE ITANAGÉ;RURAL;2;ESCOLA MUNICIPAL JOAQUIM RODRIGUES LOUZADA | ESCOLA MUNICIPAL DUARTE DA COSTA;7;1598;1399;199;12.45;3.74
POVOADO ITAGUASSU;RURAL;1;UNIDADE ESCOLAR JOSÉ ASSIS PICHIMEL;3;990;816;174;17.58;3.27
POVOADO ARRECIFE;RURAL;1;UNIDADE ESCOLA DARCY TANAJURA DE CÁSSIA;3;920;793;127;13.80;2.39
DISTRITO SÃO TIMÓTEO;RURAL;1;UNIDADE ESCOLAR BARÃO DE SÃO TIMÓTEO;2;618;491;127;20.55;2.39
POVOADO PATOS;RURAL;1;POSTO SATÉLITE DOS PATOS;2;650;537;113;17.38;2.12
POVOADO MUCAMBO;RURAL;1;UNIDADE ESCOLAR JOAQUIM ALVES DE OLIVEIRA;2;598;494;104;17.39;1.95
POVOADO VÁRZEA;RURAL;1;ESCOLA MUNICIPAL URBINO ALVES DE AMORIM;2;483;395;88;18.22;1.65
POVOADO MATINHA;RURAL;1;UNIDADE BÁSICA DE SAÚDE JOAQUIM F. DA SILVA;2;607;530;77;12.69;1.45
POVOADO LAGOA DE DANIEL;RURAL;1;POSTO SATELITE DE LAGOA DE DANIEL;2;622;547;75;12.06;1.41
POVOADO TABULEIRO;RURAL;1;ESCOLA MUNICIPAL ORLANDO TANAJURA;2;670;597;73;10.90;1.37
POVOADO SÍTIO NOVO;RURAL;1;ESCOLA MUNICIPAL JOSÉ FRANCISCO;2;500;429;71;14.20;1.33
POVOADO VARZINHA;RURAL;1;ESCOLA MUNICIPAL DE VARZINHA;1;397;329;68;17.13;1.28
POVOADO RIO ABAIXO;RURAL;1;ESCOLA MUNICIPAL GENTIL VILAS BOAS;2;537;470;67;12.48;1.26
POVOADO AÇOITA CAVALO;RURAL;1;ESCOLA MUNICIPAL JOSÉ MARIA TANAJURA;1;353;295;58;16.43;1.09
POVOADO MONTE OLIVEIRA;RURAL;1;ESCOLA MUNICIPAL GENERAL PINTO;2;540;488;52;9.63;0.98
POVOADO VEREDA;RURAL;1;ESCOLA MUNICIPAL DOIS DE JULHO;1;359;312;47;13.09;0.88
POVOADO LOURENÇO;RURAL;1;ESCOLA MUNICIPAL DE LOURENÇO;2;469;425;44;9.38;0.83
POVOADO VÁRZEA DE DENTRO;RURAL;1;ESCOLA MUNICIPAL OSVALDO BRUNO;1;308;271;37;12.01;0.70
POVOADO NADO;RURAL;1;UNIDADE DE SAUDE DA FAMILIA DO NADO;1;367;334;33;8.99;0.62
POVOADO TAMBORIL;RURAL;1;ESCOLA MUNICIPAL SÃO JOSÉ;1;267;235;32;11.99;0.60
POVOADO GADO BRAVO;RURAL;1;ESCOLA MUNICIPAL MARCOLINO DA SILVA;1;284;253;31;10.92;0.58
POVOADO LAGOA NOVA;RURAL;1;UNIDADE ESCOLAR DA LAGOA NOVA;2;445;415;30;6.74;0.56
POVOADO CANA BRAVA;RURAL;1;ESCOLA MUNICIPAL SÃO GONÇALO;1;167;145;22;13.17;0.41
POVOADO MONTEIRO;RURAL;1;UNIDADE DE SAUDE DA FAMILIA DO MONTEIRO;1;240;221;19;7.92;0.36
POVOADO LAGOA DA PEDRA;RURAL;1;ESCOLA MUNICIPAL DE LAGOA DA PEDRA;1;173;160;13;7.51;0.24
POVOADO LAGOA COMPRIDA;RURAL;1;UNIDADE DE SAUDE DA FAMILIA DE LAGOA CUMPRIDA;1;282;274;8;2.84;0.15
