NR_ZONA;NR_SECAO;NR_LOCAL_VOTACAO;NM_LOCAL_VOTACAO;NM_BAIRRO;AREA;QT_APTOS;QT_COMPARECIMENTO;QT_ABSTENCOES;PCT_ABSTENCAO;BRANCOS_PRESIDENTE;NULOS_PRESIDENTE;DS_SECOES_AGREGADAS;DS_TIPO_URNA
101;21;1015;GRUPO ESCOLAR RÔMULO GALVÃO;CENTRO;URBANA;268;228;40;14.93;5;5;22;Apurada
101;23;1015;GRUPO ESCOLAR RÔMULO GALVÃO;CENTRO;URBANA;263;225;38;14.45;8;8;24;Apurada
101;25;1015;GRUPO ESCOLAR RÔMULO GALVÃO;CENTRO;URBANA;269;218;51;18.96;4;5;26;Apurada
101;27;1015;GRUPO ESCOLAR RÔMULO GALVÃO;CENTRO;URBANA;266;219;47;17.67;5;9;83;Apurada
101;28;1031;ESCOLA MUNICIPAL FERNANDO LEDO SANTOS PEREIRA;CENTRO;URBANA;360;308;52;14.44;5;11;#NULO#;Apurada
101;29;1031;ESCOLA MUNICIPAL FERNANDO LEDO SANTOS PEREIRA;CENTRO;URBANA;359;293;66;18.38;4;7;#NULO#;Apurada
101;30;1031;ESCOLA MUNICIPAL FERNANDO LEDO SANTOS PEREIRA;CENTRO;URBANA;358;301;57;15.92;3;10;#NULO#;Apurada
101;31;1031;ESCOLA MUNICIPAL FERNANDO LEDO SANTOS PEREIRA;CENTRO;URBANA;357;294;63;17.65;3;6;#NULO#;Apurada
101;91;1031;ESCOLA MUNICIPAL FERNANDO LEDO SANTOS PEREIRA;CENTRO;URBANA;352;291;61;17.33;5;2;#NULO#;Apurada
101;99;1031;ESCOLA MUNICIPAL FERNANDO LEDO SANTOS PEREIRA;CENTRO;URBANA;358;304;54;15.08;5;3;#NULO#;Apurada
101;204;1031;ESCOLA MUNICIPAL FERNANDO LEDO SANTOS PEREIRA;CENTRO;URBANA;359;306;53;14.76;4;7;#NULO#;Apurada
101;215;1031;ESCOLA MUNICIPAL FERNANDO LEDO SANTOS PEREIRA;CENTRO;URBANA;358;305;53;14.80;3;9;#NULO#;Apurada
101;240;1031;ESCOLA MUNICIPAL FERNANDO LEDO SANTOS PEREIRA;CENTRO;URBANA;352;275;77;21.88;5;2;#NULO#;Apurada
101;32;1040;COLÉGIO ESTADUAL JOÃO VILAS BOAS;CENTRO;URBANA;365;299;66;18.08;6;8;#NULO#;Apurada
101;33;1040;COLÉGIO ESTADUAL JOÃO VILAS BOAS;CENTRO;URBANA;363;316;47;12.95;3;13;#NULO#;Apurada
101;34;1040;COLÉGIO ESTADUAL JOÃO VILAS BOAS;CENTRO;URBANA;357;282;75;21.01;8;7;#NULO#;Apurada
101;35;1040;COLÉGIO ESTADUAL JOÃO VILAS BOAS;CENTRO;URBANA;362;309;53;14.64;5;8;#NULO#;Apurada
101;36;1040;COLÉGIO ESTADUAL JOÃO VILAS BOAS;CENTRO;URBANA;359;305;54;15.04;6;16;#NULO#;Apurada
101;96;1040;COLÉGIO ESTADUAL JOÃO VILAS BOAS;CENTRO;URBANA;369;307;62;16.80;7;14;#NULO#;Apurada
101;221;1040;COLÉGIO ESTADUAL JOÃO VILAS BOAS;CENTRO;URBANA;357;298;59;16.53;6;3;#NULO#;Apurada
101;37;1058;ESCOLA MUNICIPAL LÉLIS PIEDADE;CENTRO;URBANA;378;305;73;19.31;8;12;38;Apurada
101;39;1058;ESCOLA MUNICIPAL LÉLIS PIEDADE;CENTRO;URBANA;191;161;30;15.71;1;3;#NULO#;Apurada
101;40;1066;ASSOCIAÇÃO DOS AMIGOS DE LIVRAMENTO;CENTRO;URBANA;289;247;42;14.53;2;8;#NULO#;Apurada
101;41;1066;ASSOCIAÇÃO DOS AMIGOS DE LIVRAMENTO;CENTRO;URBANA;291;248;43;14.78;6;7;#NULO#;Apurada
101;236;1066;ASSOCIAÇÃO DOS AMIGOS DE LIVRAMENTO;CENTRO;URBANA;289;239;50;17.30;3;10;#NULO#;Apurada
101;42;1074;PREFEITURA MUNICIPAL DE LIVRAMENTO;CENTRO;URBANA;295;239;56;18.98;5;10;#NULO#;Apurada
101;43;1074;PREFEITURA MUNICIPAL DE LIVRAMENTO;CENTRO;URBANA;292;236;56;19.18;3;3;#NULO#;Apurada
101;70;1104;ANEXO DO CENTRO DE EDUCAÇÃO INFANTIL MARIA REGINA DE LIMA ASSUNÇÃO;CENTRO;URBANA;232;198;34;14.66;5;11;#NULO#;Apurada
101;111;1104;ANEXO DO CENTRO DE EDUCAÇÃO INFANTIL MARIA REGINA DE LIMA ASSUNÇÃO;CENTRO;URBANA;231;202;29;12.55;9;8;#NULO#;Apurada
101;118;1104;ANEXO DO CENTRO DE EDUCAÇÃO INFANTIL MARIA REGINA DE LIMA ASSUNÇÃO;CENTRO;URBANA;233;207;26;11.16;7;8;#NULO#;Apurada
101;44;1112;ESCOLA MUNICIPAL DAVI MENDES PEREIRA - TEMPO INTEGRAL;DISTRITO IGUATEMI;RURAL;260;224;36;13.85;1;11;#NULO#;Apurada
101;45;1112;ESCOLA MUNICIPAL DAVI MENDES PEREIRA - TEMPO INTEGRAL;DISTRITO IGUATEMI;RURAL;263;224;39;14.83;4;7;#NULO#;Apurada
101;46;1112;ESCOLA MUNICIPAL DAVI MENDES PEREIRA - TEMPO INTEGRAL;DISTRITO IGUATEMI;RURAL;261;215;46;17.62;1;12;#NULO#;Apurada
101;47;1112;ESCOLA MUNICIPAL DAVI MENDES PEREIRA - TEMPO INTEGRAL;DISTRITO IGUATEMI;RURAL;263;229;34;12.93;2;11;#NULO#;Apurada
101;48;1112;ESCOLA MUNICIPAL DAVI MENDES PEREIRA - TEMPO INTEGRAL;DISTRITO IGUATEMI;RURAL;263;224;39;14.83;1;8;#NULO#;Apurada
101;49;1112;ESCOLA MUNICIPAL DAVI MENDES PEREIRA - TEMPO INTEGRAL;DISTRITO IGUATEMI;RURAL;261;231;30;11.49;4;7;#NULO#;Apurada
101;50;1112;ESCOLA MUNICIPAL DAVI MENDES PEREIRA - TEMPO INTEGRAL;DISTRITO IGUATEMI;RURAL;262;221;41;15.65;4;3;#NULO#;Apurada
101;51;1112;ESCOLA MUNICIPAL DAVI MENDES PEREIRA - TEMPO INTEGRAL;DISTRITO IGUATEMI;RURAL;257;232;25;9.73;2;6;#NULO#;Apurada
101;52;1112;ESCOLA MUNICIPAL DAVI MENDES PEREIRA - TEMPO INTEGRAL;DISTRITO IGUATEMI;RURAL;259;235;24;9.27;1;6;#NULO#;Apurada
101;53;1112;ESCOLA MUNICIPAL DAVI MENDES PEREIRA - TEMPO INTEGRAL;DISTRITO IGUATEMI;RURAL;258;206;52;20.16;1;9;#NULO#;Apurada
101;54;1112;ESCOLA MUNICIPAL DAVI MENDES PEREIRA - TEMPO INTEGRAL;DISTRITO IGUATEMI;RURAL;262;218;44;16.79;3;10;#NULO#;Apurada
101;94;1112;ESCOLA MUNICIPAL DAVI MENDES PEREIRA - TEMPO INTEGRAL;DISTRITO IGUATEMI;RURAL;262;216;46;17.56;4;11;#NULO#;Apurada
101;104;1112;ESCOLA MUNICIPAL DAVI MENDES PEREIRA - TEMPO INTEGRAL;DISTRITO IGUATEMI;RURAL;261;226;35;13.41;1;5;#NULO#;Apurada
101;55;1139;UNIDADE ESCOLA DARCY TANAJURA DE CÁSSIA;POVOADO ARRECIFE;RURAL;309;268;41;13.27;7;14;#NULO#;Apurada
101;56;1139;UNIDADE ESCOLA DARCY TANAJURA DE CÁSSIA;POVOADO ARRECIFE;RURAL;306;264;42;13.73;3;10;#NULO#;Apurada
101;239;1139;UNIDADE ESCOLA DARCY TANAJURA DE CÁSSIA;POVOADO ARRECIFE;RURAL;305;261;44;14.43;2;2;#NULO#;Apurada
101;57;1147;ESCOLA MUNICIPAL DE LAGOA DA PEDRA;POVOADO LAGOA DA PEDRA;RURAL;173;160;13;7.51;1;4;58;Apurada
101;59;1171;ESCOLA MUNICIPAL JOAQUIM RODRIGUES LOUZADA;DISTRITO DE ITANAGÉ;RURAL;243;215;28;11.52;2;8;#NULO#;Apurada
101;60;1171;ESCOLA MUNICIPAL JOAQUIM RODRIGUES LOUZADA;DISTRITO DE ITANAGÉ;RURAL;244;209;35;14.34;4;4;#NULO#;Apurada
101;61;1171;ESCOLA MUNICIPAL JOAQUIM RODRIGUES LOUZADA;DISTRITO DE ITANAGÉ;RURAL;242;215;27;11.16;4;8;#NULO#;Apurada
101;62;1171;ESCOLA MUNICIPAL JOAQUIM RODRIGUES LOUZADA;DISTRITO DE ITANAGÉ;RURAL;240;206;34;14.17;6;6;#NULO#;Apurada
101;63;1171;ESCOLA MUNICIPAL JOAQUIM RODRIGUES LOUZADA;DISTRITO DE ITANAGÉ;RURAL;243;216;27;11.11;5;3;#NULO#;Apurada
101;64;1171;ESCOLA MUNICIPAL JOAQUIM RODRIGUES LOUZADA;DISTRITO DE ITANAGÉ;RURAL;241;206;35;14.52;3;2;#NULO#;Apurada
101;65;1180;ESCOLA MUNICIPAL ORLANDO TANAJURA;POVOADO TABULEIRO;RURAL;335;301;34;10.15;4;13;#NULO#;Apurada
101;66;1180;ESCOLA MUNICIPAL ORLANDO TANAJURA;POVOADO TABULEIRO;RURAL;335;296;39;11.64;2;5;#NULO#;Apurada
101;67;1198;ESCOLA MUNICIPAL URBINO ALVES DE AMORIM;POVOADO VÁRZEA;RURAL;242;198;44;18.18;3;8;#NULO#;Apurada
101;68;1198;ESCOLA MUNICIPAL URBINO ALVES DE AMORIM;POVOADO VÁRZEA;RURAL;241;197;44;18.26;1;8;#NULO#;Apurada
101;69;1201;ESCOLA MUNICIPAL GENERAL PINTO;POVOADO MONTE OLIVEIRA;RURAL;270;242;28;10.37;2;4;#NULO#;Apurada
101;210;1201;ESCOLA MUNICIPAL GENERAL PINTO;POVOADO MONTE OLIVEIRA;RURAL;270;246;24;8.89;2;2;#NULO#;Apurada
101;71;1228;UNIDADE ESCOLAR BARÃO DE SÃO TIMÓTEO;DISTRITO SÃO TIMÓTEO;RURAL;311;248;63;20.26;1;3;72;Apurada
101;73;1228;UNIDADE ESCOLAR BARÃO DE SÃO TIMÓTEO;DISTRITO SÃO TIMÓTEO;RURAL;307;243;64;20.85;2;2;74;Apurada
101;75;1244;ESCOLA MUNICIPAL DA BARRINHA;POVOADO BARRINHA;RURAL;377;310;67;17.77;7;8;#NULO#;Apurada
101;76;1244;ESCOLA MUNICIPAL DA BARRINHA;POVOADO BARRINHA;RURAL;369;287;82;22.22;8;11;#NULO#;Apurada
101;119;1244;ESCOLA MUNICIPAL DA BARRINHA;POVOADO BARRINHA;RURAL;374;317;57;15.24;5;13;#NULO#;Apurada
101;231;1244;ESCOLA MUNICIPAL DA BARRINHA;POVOADO BARRINHA;RURAL;378;320;58;15.34;9;4;#NULO#;Apurada
101;77;1252;UNIDADE ESCOLAR JOSÉ ASSIS PICHIMEL;POVOADO ITAGUASSU;RURAL;331;275;56;16.92;4;5;#NULO#;Apurada
101;78;1252;UNIDADE ESCOLAR JOSÉ ASSIS PICHIMEL;POVOADO ITAGUASSU;RURAL;330;270;60;18.18;1;15;#NULO#;Apurada
101;79;1252;UNIDADE ESCOLAR JOSÉ ASSIS PICHIMEL;POVOADO ITAGUASSU;RURAL;329;271;58;17.63;3;9;#NULO#;Apurada
101;80;1260;UNIDADE ESCOLAR JOAQUIM ALVES DE OLIVEIRA;POVOADO MUCAMBO;RURAL;299;248;51;17.06;0;4;#NULO#;Apurada
101;81;1260;UNIDADE ESCOLAR JOAQUIM ALVES DE OLIVEIRA;POVOADO MUCAMBO;RURAL;299;246;53;17.73;1;3;#NULO#;Apurada
101;82;1279;UNIDADE DE SAUDE DA FAMILIA DO NADO;POVOADO NADO;RURAL;367;334;33;8.99;6;2;#NULO#;Apurada
101;84;1295;ESCOLA MUNICIPAL FLORISVALDO RIBEIRO DA SILVA;JUREMA;URBANA;352;293;59;16.76;8;12;#NULO#;Apurada
101;87;1295;ESCOLA MUNICIPAL FLORISVALDO RIBEIRO DA SILVA;JUREMA;URBANA;356;293;63;17.70;8;10;#NULO#;Apurada
101;97;1295;ESCOLA MUNICIPAL FLORISVALDO RIBEIRO DA SILVA;JUREMA;URBANA;350;297;53;15.14;5;7;#NULO#;Apurada
101;218;1295;ESCOLA MUNICIPAL FLORISVALDO RIBEIRO DA SILVA;JUREMA;URBANA;355;288;67;18.87;9;7;#NULO#;Apurada
101;238;1295;ESCOLA MUNICIPAL FLORISVALDO RIBEIRO DA SILVA;JUREMA;URBANA;356;298;58;16.29;6;8;#NULO#;Apurada
101;88;1309;ESCOLA MUNICIPAL DOIS DE JULHO;POVOADO VEREDA;RURAL;359;312;47;13.09;9;2;#NULO#;Apurada
101;89;1317;UNIDADE BÁSICA DE SAÚDE JOAQUIM F. DA SILVA;POVOADO MATINHA;RURAL;302;259;43;14.24;4;8;#NULO#;Apurada
101;208;1317;UNIDADE BÁSICA DE SAÚDE JOAQUIM F. DA SILVA;POVOADO MATINHA;RURAL;305;271;34;11.15;2;2;#NULO#;Apurada
101;90;1325;UNIDADE ESCOLAR DA LAGOA NOVA;POVOADO LAGOA NOVA;RURAL;222;214;8;3.60;2;7;#NULO#;Apurada
101;248;1325;UNIDADE ESCOLAR DA LAGOA NOVA;POVOADO LAGOA NOVA;RURAL;223;201;22;9.87;4;8;#NULO#;Apurada
101;92;1333;ESCOLA MUNICIPAL SÃO JOSÉ;POVOADO TAMBORIL;RURAL;267;235;32;11.99;2;2;#NULO#;Apurada
101;93;1341;ESCOLA MUNICIPAL SÃO GONÇALO;POVOADO CANA BRAVA;RURAL;167;145;22;13.17;4;6;#NULO#;Apurada
101;98;1350;ESCOLA MUNICIPAL OSVALDO BRUNO;POVOADO VÁRZEA DE DENTRO;RURAL;308;271;37;12.01;1;7;#NULO#;Apurada
101;100;1368;ESCOLA MUNICIPAL JOSÉ FRANCISCO;POVOADO SÍTIO NOVO;RURAL;250;222;28;11.20;8;4;#NULO#;Apurada
101;237;1368;ESCOLA MUNICIPAL JOSÉ FRANCISCO;POVOADO SÍTIO NOVO;RURAL;250;207;43;17.20;5;3;#NULO#;Apurada
101;112;1376;POSTO SATÉLITE DOS PATOS;POVOADO PATOS;RURAL;325;272;53;16.31;8;7;#NULO#;Apurada
101;219;1376;POSTO SATÉLITE DOS PATOS;POVOADO PATOS;RURAL;325;265;60;18.46;11;10;#NULO#;Apurada
101;113;1384;ESCOLA MUNICIPAL DUARTE DA COSTA;DISTRITO DE ITANAGÉ;RURAL;145;132;13;8.97;3;2;#NULO#;Apurada
101;105;1392;ESCOLA MUNICIPAL JOSÉ MARIA TANAJURA;POVOADO AÇOITA CAVALO;RURAL;353;295;58;16.43;3;7;#NULO#;Apurada
101;114;1406;UNIDADE DE SAUDE DA FAMILIA DE LAGOA CUMPRIDA;POVOADO LAGOA COMPRIDA;RURAL;282;274;8;2.84;4;1;#NULO#;Apurada
101;106;1414;POSTO SATELITE DE LAGOA DE DANIEL;POVOADO LAGOA DE DANIEL;RURAL;312;270;42;13.46;4;5;#NULO#;Apurada
101;220;1414;POSTO SATELITE DE LAGOA DE DANIEL;POVOADO LAGOA DE DANIEL;RURAL;310;277;33;10.65;3;2;#NULO#;Apurada
101;107;1422;ESCOLA MUNICIPAL AUGUSTO SILVÉRIO ALCÂNTARA;DISTRITO IGUATEMI;RURAL;326;292;34;10.43;2;21;#NULO#;Apurada
101;229;1422;ESCOLA MUNICIPAL AUGUSTO SILVÉRIO ALCÂNTARA;DISTRITO IGUATEMI;RURAL;327;292;35;10.70;2;13;#NULO#;Apurada
101;115;1430;ESCOLA MUNICIPAL GENTIL VILAS BOAS;POVOADO RIO ABAIXO;RURAL;269;234;35;13.01;7;6;#NULO#;Apurada
101;233;1430;ESCOLA MUNICIPAL GENTIL VILAS BOAS;POVOADO RIO ABAIXO;RURAL;268;236;32;11.94;8;10;#NULO#;Apurada
101;116;1449;ESCOLA MUNICIPAL MARCOLINO DA SILVA;POVOADO GADO BRAVO;RURAL;284;253;31;10.92;0;4;#NULO#;Apurada
101;117;1457;ESCOLA MUNICIPAL DE LOURENÇO;POVOADO LOURENÇO;RURAL;236;213;23;9.75;7;3;#NULO#;Apurada
101;244;1457;ESCOLA MUNICIPAL DE LOURENÇO;POVOADO LOURENÇO;RURAL;233;212;21;9.01;5;3;#NULO#;Apurada
101;199;1465;ESCOLA MUNICIPAL DE VARZINHA;POVOADO VARZINHA;RURAL;397;329;68;17.13;3;10;#NULO#;Apurada
101;200;1473;ESCOLA MUNICIPAL JOAQUIM GONÇALVES DE ASSUNÇÃO;BARRIGUDA;URBANA;391;312;79;20.20;9;16;#NULO#;Apurada
101;207;1473;ESCOLA MUNICIPAL JOAQUIM GONÇALVES DE ASSUNÇÃO;BARRIGUDA;URBANA;391;312;79;20.20;4;13;#NULO#;Apurada
101;217;1473;ESCOLA MUNICIPAL JOAQUIM GONÇALVES DE ASSUNÇÃO;BARRIGUDA;URBANA;392;312;80;20.41;7;3;#NULO#;Apurada
101;235;1473;ESCOLA MUNICIPAL JOAQUIM GONÇALVES DE ASSUNÇÃO;BARRIGUDA;URBANA;386;310;76;19.69;6;9;#NULO#;Apurada
101;247;1473;ESCOLA MUNICIPAL JOAQUIM GONÇALVES DE ASSUNÇÃO;BARRIGUDA;URBANA;394;327;67;17.01;4;11;#NULO#;Apurada
101;120;1503;CENTRO EDUCACIONAL HUMBERTO LEAL;BENITO GAMA;URBANA;367;322;45;12.26;6;7;#NULO#;Apurada
101;205;1503;CENTRO EDUCACIONAL HUMBERTO LEAL;BENITO GAMA;URBANA;351;294;57;16.24;4;9;#NULO#;Apurada
101;216;1503;CENTRO EDUCACIONAL HUMBERTO LEAL;BENITO GAMA;URBANA;361;278;83;22.99;4;10;#NULO#;Apurada
101;224;1503;CENTRO EDUCACIONAL HUMBERTO LEAL;BENITO GAMA;URBANA;365;298;67;18.36;7;10;#NULO#;Apurada
101;241;1503;CENTRO EDUCACIONAL HUMBERTO LEAL;BENITO GAMA;URBANA;363;288;75;20.66;2;5;#NULO#;Apurada
101;249;1503;CENTRO EDUCACIONAL HUMBERTO LEAL;BENITO GAMA;URBANA;362;297;65;17.96;2;7;#NULO#;Apurada
101;253;1503;CENTRO EDUCACIONAL HUMBERTO LEAL;BENITO GAMA;URBANA;292;225;67;22.95;3;5;#NULO#;Apurada
101;228;1511;UNIDADE DE SAUDE DA FAMILIA DO MONTEIRO;POVOADO MONTEIRO;RURAL;240;221;19;7.92;1;3;#NULO#;Apurada
