NR_ZONA;NR_LOCAL_VOTACAO;NM_LOCAL_VOTACAO;NM_BAIRRO;AREA;DS_ENDERECO;LATITUDE;LONGITUDE;QT_SECOES;SECOES;QT_APTOS;QT_COMPARECIMENTO;QT_ABSTENCOES;PCT_ABSTENCAO
101;1031;ESCOLA MUNICIPAL FERNANDO LEDO SANTOS PEREIRA;CENTRO;URBANA;PRAÇA CORONEL ZEZINHO TANAJURA - ZONA URBANA;-13.64320891;-41.84097094;9;28 29 30 31 91 99 204 215 240;3213;2677;536;16.68
101;1112;ESCOLA MUNICIPAL DAVI MENDES PEREIRA - TEMPO INTEGRAL;DISTRITO IGUATEMI;RURAL;PRAÇA DOS ESTUDANTES, S/N - ZONA RURAL;-13.934465;-41.905285;13;44 45 46 47 48 49 50 51 52 53 54 94 104;3392;2901;491;14.48
101;1503;CENTRO EDUCACIONAL HUMBERTO LEAL;BENITO GAMA;URBANA;RUA BENITO GAMA S/N - ZONA URBANA;-13.6610646;-41.8529516;7;120 205 216 224 241 249 253;2461;2002;459;18.65
101;1040;COLÉGIO ESTADUAL JOÃO VILAS BOAS;CENTRO;URBANA;RUA JOSÉ MARIA TANAJURA - ZONA URBANA;-13.6442781;-41.8431103;7;32 33 34 35 36 96 221;2532;2116;416;16.43
101;1473;ESCOLA MUNICIPAL JOAQUIM GONÇALVES DE ASSUNÇÃO;BARRIGUDA;URBANA;RUA RAUL SEIXAS, SN - ZONA URBANA;-13.6329354;-41.8493295;5;200 207 217 235 247;1954;1573;381;19.50
101;1295;ESCOLA MUNICIPAL FLORISVALDO RIBEIRO DA SILVA;JUREMA;URBANA;AV. DO ANTIGO CAMPO DE POUSO, S/N - ZONA URBANA;-13.6584984;-41.8541919;5;84 87 97 218 238;1769;1469;300;16.96
101;1244;ESCOLA MUNICIPAL DA BARRINHA;POVOADO BARRINHA;RURAL;POVOADO BARRINHA - ZONA RURAL;-13.6672503;-41.8108638;4;75 76 119 231;1498;1234;264;17.62
101;1171;ESCOLA MUNICIPAL JOAQUIM RODRIGUES LOUZADA;DISTRITO DE ITANAGÉ;RURAL;ITANAGÉ - ZONA RURAL;-13.7104371;-42.0216218;6;59 60 61 62 63 64;1453;1267;186;12.80
101;1015;GRUPO ESCOLAR RÔMULO GALVÃO;CENTRO;URBANA;AV. PRESIDENTE VARGAS - ZONA URBANA;-13.64569337;-41.84127164;4;21 23 25 27;1066;890;176;16.51
101;1252;UNIDADE ESCOLAR JOSÉ ASSIS PICHIMEL;POVOADO ITAGUASSU;RURAL;POVOADO ITAGUASSU  - ZONA RURAL;-13.5972133;-41.9252133;3;77 78 79;990;816;174;17.58
101;1066;ASSOCIAÇÃO DOS AMIGOS DE LIVRAMENTO;CENTRO;URBANA;PRAÇA DOM HÉLIO PASCHOAL - ZONA URBANA;-13.6503952;-41.8414755;3;40 41 236;869;734;135;15.54
101;1228;UNIDADE ESCOLAR BARÃO DE SÃO TIMÓTEO;DISTRITO SÃO TIMÓTEO;RURAL;PRAÇA DE SÃO TIMÓTEO - ZONA RURAL;-13.8441886;-42.1612882;2;71 73;618;491;127;20.55
101;1139;UNIDADE ESCOLA DARCY TANAJURA DE CÁSSIA;POVOADO ARRECIFE;RURAL;POVOADO ARRECIFE - ZONA RURAL;-14.0163427;-42.0312669;3;55 56 239;920;793;127;13.80
101;1376;POSTO SATÉLITE DOS PATOS;POVOADO PATOS;RURAL;POVOADO PATOS - ZONA RURAL;-13.6941238;-41.8332881;2;112 219;650;537;113;17.38
101;1074;PREFEITURA MUNICIPAL DE LIVRAMENTO;CENTRO;URBANA;PRAÇA DA BANDEIRA - ZONA URBANA;-13.65093392;-41.84138907;2;42 43;587;475;112;19.08
101;1260;UNIDADE ESCOLAR JOAQUIM ALVES DE OLIVEIRA;POVOADO MUCAMBO;RURAL;POVOADO MUCAMBO - ZONA RURAL;-13.7368267;-42.2380633;2;80 81;598;494;104;17.39
101;1058;ESCOLA MUNICIPAL LÉLIS PIEDADE;CENTRO;URBANA;RUA JOSÉ MARIA TANAJURA- ZONA URBANA;-13.64505176;-41.84186361;2;37 39;569;466;103;18.10
101;1104;ANEXO DO CENTRO DE EDUCAÇÃO INFANTIL MARIA REGINA DE LIMA ASSUNÇÃO;CENTRO;URBANA;AVENIDA PRESIDENTE VARGAS, S/N - ZONA URBANA;-13.6347921;-41.837608;3;70 111 118;696;607;89;12.79
101;1198;ESCOLA MUNICIPAL URBINO ALVES DE AMORIM;POVOADO VÁRZEA;RURAL;POVOADO VÁRZEA - ZONA RURAL;-13.6613092;-41.9377629;2;67 68;483;395;88;18.22
101;1317;UNIDADE BÁSICA DE SAÚDE JOAQUIM F. DA SILVA;POVOADO MATINHA;RURAL;POVOADO MATINHA - ZONA RURAL;-13.62268;-41.87427;2;89 208;607;530;77;12.69
101;1414;POSTO SATELITE DE LAGOA DE DANIEL;POVOADO LAGOA DE DANIEL;RURAL;POVOADO LAGOA DE DANIEL - ZONA RURAL;-13.8255869;-42.091106;2;106 220;622;547;75;12.06
101;1180;ESCOLA MUNICIPAL ORLANDO TANAJURA;POVOADO TABULEIRO;RURAL;POVOADO TABULEIRO - ZONA RURAL;-13.735325;-41.9717089;2;65 66;670;597;73;10.90
101;1368;ESCOLA MUNICIPAL JOSÉ FRANCISCO;POVOADO SÍTIO NOVO;RURAL;POVOADO SÍTIO NOVO - ZONA RURAL;-13.8633567;-41.99634;2;100 237;500;429;71;14.20
101;1422;ESCOLA MUNICIPAL AUGUSTO SILVÉRIO ALCÂNTARA;DISTRITO IGUATEMI;RURAL;POVOADO BARBOSA  - ZONA RURAL;-13.8979617;-41.8487567;2;107 229;653;584;69;10.57
101;1465;ESCOLA MUNICIPAL DE VARZINHA;POVOADO VARZINHA;RURAL;POVOADO VARZINHA - ZONA RURAL;-13.6832405;-42.0189839;1;199;397;329;68;17.13
101;1430;ESCOLA MUNICIPAL GENTIL VILAS BOAS;POVOADO RIO ABAIXO;RURAL;POVOADO RIO ABAIXO - ZONA RURAL;-13.74168949;-41.86219142;2;115 233;537;470;67;12.48
101;1392;ESCOLA MUNICIPAL JOSÉ MARIA TANAJURA;POVOADO AÇOITA CAVALO;RURAL;POVOADO AÇOITA CAVALO - ZONA RURAL;-13.7565227;-42.1401068;1;105;353;295;58;16.43
101;1201;ESCOLA MUNICIPAL GENERAL PINTO;POVOADO MONTE OLIVEIRA;RURAL;POVOADO MONTE OLIVEIRA - ZONA RURAL;-13.6826237;-41.9356707;2;69 210;540;488;52;9.63
101;1309;ESCOLA MUNICIPAL DOIS DE JULHO;POVOADO VEREDA;RURAL;POVOADO VEREDA - ZONA RURAL;-13.63709;-41.940955;1;88;359;312;47;13.09
101;1457;ESCOLA MUNICIPAL DE LOURENÇO;POVOADO LOURENÇO;RURAL;POVOADO LOURENÇO - ZONA RURAL;-13.8191711;-41.9911589;2;117 244;469;425;44;9.38
101;1350;ESCOLA MUNICIPAL OSVALDO BRUNO;POVOADO VÁRZEA DE DENTRO;RURAL;POVOADO VÁRZEA DE DENTRO - ZONA RURAL;-13.64809;-41.9008867;1;98;308;271;37;12.01
101;1279;UNIDADE DE SAUDE DA FAMILIA DO NADO;POVOADO NADO;RURAL;POVOADO NADO - ZONA RURAL;-13.6707988;-41.8432782;1;82;367;334;33;8.99
101;1333;ESCOLA MUNICIPAL SÃO JOSÉ;POVOADO TAMBORIL;RURAL;POVOADO TAMBORIL - ZONA RURAL;-13.939685;-42.124675;1;92;267;235;32;11.99
101;1449;ESCOLA MUNICIPAL MARCOLINO DA SILVA;POVOADO GADO BRAVO;RURAL;POVOADO GADO BRAVO - ZONA RURAL;-13.7576413;-41.9263148;1;116;284;253;31;10.92
101;1325;UNIDADE ESCOLAR DA LAGOA NOVA;POVOADO LAGOA NOVA;RURAL;POVOADO LAGOA NOVA - ZONA RURAL;-13.8185333;-41.8801917;2;90 248;445;415;30;6.74
101;1341;ESCOLA MUNICIPAL SÃO GONÇALO;POVOADO CANA BRAVA;RURAL;POVOADO CANA BRAVA - ZONA RURAL;-13.5922254;-41.9934529;1;93;167;145;22;13.17
101;1511;UNIDADE DE SAUDE DA FAMILIA DO MONTEIRO;POVOADO MONTEIRO;RURAL;POVOADO MONTEIRO - ZONA RURAL;-13.728134;-41.9805455;1;228;240;221;19;7.92
101;1147;ESCOLA MUNICIPAL DE LAGOA DA PEDRA;POVOADO LAGOA DA PEDRA;RURAL;POVOADO LAGOA DA PEDRA - ZONA RURAL;-13.6195281;-41.8790214;1;57;173;160;13;7.51
101;1384;ESCOLA MUNICIPAL DUARTE DA COSTA;DISTRITO DE ITANAGÉ;RURAL;POVOADO JACARÉ - ZONA RURAL;-13.7106667;-42.0567083;1;113;145;132;13;8.97
101;1406;UNIDADE DE SAUDE DA FAMILIA DE LAGOA CUMPRIDA;POVOADO LAGOA COMPRIDA;RURAL;POVOADO LAGOA COMPRIDA - ZONA RURAL;-13.8328463;-41.8915567;1;114;282;274;8;2.84
